timestamp,step,samples,episode,epoch,loss,grad_norm,lr,update_s,data_s
2026-07-05 10:20:02,100,200,0,0.0,4.176,0.728,5.1e-06,0.073,0.317
2026-07-05 10:20:41,200,400,1,0.0,3.864,0.822,1.5e-05,0.069,0.32
2026-07-05 10:21:21,300,600,1,0.01,3.395,1.064,2.5e-05,0.069,0.323
2026-07-05 10:22:00,400,800,1,0.01,2.923,1.348,3.5e-05,0.069,0.326
2026-07-05 10:22:40,500,1K,2,0.01,2.362,1.554,4.5e-05,0.069,0.328
2026-07-05 10:23:19,600,1K,2,0.01,2.278,1.805,5.5e-05,0.07,0.319
2026-07-05 10:23:58,700,1K,3,0.01,1.855,1.4,6.5e-05,0.07,0.319
2026-07-05 10:24:38,800,2K,3,0.02,1.625,1.102,7.5e-05,0.07,0.328
2026-07-05 10:25:17,900,2K,3,0.02,1.521,1.11,8.5e-05,0.069,0.322
2026-07-05 10:25:57,1000,2K,4,0.02,1.502,1.092,9.5e-05,0.07,0.328
2026-07-05 10:26:36,1100,2K,4,0.02,1.314,1.047,0.0001,0.07,0.327
2026-07-05 10:27:17,1200,2K,4,0.02,1.286,1.151,0.0001,0.07,0.33
2026-07-05 10:27:57,1300,3K,5,0.03,1.206,1.222,0.0001,0.07,0.328
2026-07-05 10:28:37,1400,3K,5,0.03,1.184,1.277,0.0001,0.069,0.333
2026-07-05 10:29:17,1500,3K,5,0.03,1.14,1.329,9.9e-05,0.07,0.332
2026-07-05 10:29:57,1600,3K,6,0.03,1.073,1.304,9.9e-05,0.07,0.327
2026-07-05 10:30:37,1700,3K,6,0.03,1.065,1.44,9.9e-05,0.07,0.326
2026-07-05 10:31:16,1800,4K,6,0.04,0.987,1.338,9.9e-05,0.07,0.323
2026-07-05 10:31:56,1900,4K,7,0.04,0.948,1.351,9.9e-05,0.07,0.331
2026-07-05 10:32:36,2000,4K,7,0.04,0.913,1.4,9.9e-05,0.07,0.326
2026-07-05 10:33:16,2100,4K,8,0.04,0.845,1.442,9.9e-05,0.07,0.33
2026-07-05 10:33:56,2200,4K,8,0.04,0.833,1.553,9.9e-05,0.07,0.331
2026-07-05 10:34:36,2300,5K,8,0.04,0.826,1.606,9.9e-05,0.071,0.329
2026-07-05 10:35:17,2400,5K,9,0.05,0.76,1.652,9.9e-05,0.071,0.333
2026-07-05 10:35:56,2500,5K,9,0.05,0.731,1.633,9.8e-05,0.071,0.325
2026-07-05 10:36:36,2600,5K,9,0.05,0.698,1.684,9.8e-05,0.07,0.326
2026-07-05 10:37:16,2700,5K,10,0.05,0.709,1.738,9.8e-05,0.07,0.331
2026-07-05 10:37:57,2800,6K,10,0.05,0.661,1.748,9.8e-05,0.071,0.333
2026-07-05 10:38:37,2900,6K,10,0.06,0.689,1.797,9.8e-05,0.071,0.334
2026-07-05 10:39:17,3000,6K,11,0.06,0.591,1.67,9.8e-05,0.07,0.331
2026-07-05 10:39:57,3100,6K,11,0.06,0.616,1.809,9.8e-05,0.071,0.328
2026-07-05 10:40:37,3200,6K,11,0.06,0.635,1.875,9.7e-05,0.071,0.326
2026-07-05 10:41:17,3300,7K,12,0.06,0.56,1.712,9.7e-05,0.071,0.326
2026-07-05 10:41:57,3400,7K,12,0.07,0.563,1.735,9.7e-05,0.07,0.328
2026-07-05 10:42:37,3500,7K,13,0.07,0.524,1.743,9.7e-05,0.07,0.329
2026-07-05 10:43:16,3600,7K,13,0.07,0.534,1.755,9.7e-05,0.07,0.323
2026-07-05 10:43:56,3700,7K,13,0.07,0.516,1.658,9.6e-05,0.07,0.327
2026-07-05 10:44:37,3800,8K,14,0.07,0.504,1.745,9.6e-05,0.07,0.334
2026-07-05 10:45:17,3900,8K,14,0.08,0.504,1.68,9.6e-05,0.071,0.33
2026-07-05 10:45:57,4000,8K,14,0.08,0.521,1.805,9.6e-05,0.071,0.326
2026-07-05 10:46:36,4100,8K,15,0.08,0.483,1.678,9.6e-05,0.07,0.328
2026-07-05 10:47:16,4200,8K,15,0.08,0.449,1.674,9.5e-05,0.07,0.327
2026-07-05 10:47:56,4300,9K,15,0.08,0.442,1.656,9.5e-05,0.069,0.331
2026-07-05 10:48:37,4400,9K,16,0.09,0.437,1.651,9.5e-05,0.07,0.332
2026-07-05 10:49:17,4500,9K,16,0.09,0.453,1.748,9.5e-05,0.071,0.337
2026-07-05 10:49:57,4600,9K,17,0.09,0.43,1.637,9.5e-05,0.07,0.328
2026-07-05 10:50:37,4700,9K,17,0.09,0.425,1.697,9.4e-05,0.07,0.327
2026-07-05 10:51:18,4800,10K,17,0.09,0.451,1.71,9.4e-05,0.07,0.332
2026-07-05 10:51:58,4900,10K,18,0.1,0.442,1.71,9.4e-05,0.071,0.331
2026-07-05 10:52:38,5000,10K,18,0.1,0.427,1.679,9.4e-05,0.07,0.33
2026-07-05 10:53:18,5100,10K,18,0.1,0.417,1.684,9.3e-05,0.07,0.33
2026-07-05 10:53:58,5200,10K,19,0.1,0.404,1.636,9.3e-05,0.07,0.326
2026-07-05 10:54:38,5300,11K,19,0.1,0.38,1.57,9.3e-05,0.07,0.33
2026-07-05 10:55:18,5400,11K,19,0.11,0.37,1.576,9.3e-05,0.071,0.326
2026-07-05 10:55:58,5500,11K,20,0.11,0.414,1.656,9.2e-05,0.07,0.328
2026-07-05 10:56:38,5600,11K,20,0.11,0.41,1.689,9.2e-05,0.07,0.329
2026-07-05 10:57:17,5700,11K,20,0.11,0.393,1.637,9.2e-05,0.071,0.327
2026-07-05 10:57:58,5800,12K,21,0.11,0.384,1.598,9.1e-05,0.07,0.329
2026-07-05 10:58:38,5900,12K,21,0.12,0.422,1.789,9.1e-05,0.071,0.332
2026-07-05 10:59:18,6000,12K,22,0.12,0.362,1.598,9.1e-05,0.07,0.33
2026-07-05 10:59:58,6100,12K,22,0.12,0.358,1.526,9.1e-05,0.07,0.332
2026-07-05 11:00:38,6199,12K,22,0.12,0.412,1.83,9e-05,0.07,0.325
2026-07-05 11:01:18,6299,13K,23,0.12,0.392,1.655,9e-05,0.07,0.331
2026-07-05 11:01:58,6399,13K,23,0.12,0.401,1.713,9e-05,0.07,0.332
2026-07-05 11:02:38,6499,13K,23,0.13,0.392,1.657,8.9e-05,0.07,0.331
2026-07-05 11:03:19,6599,13K,24,0.13,0.387,1.673,8.9e-05,0.071,0.334
2026-07-05 11:03:59,6699,13K,24,0.13,0.38,1.685,8.9e-05,0.07,0.33
2026-07-05 11:04:39,6799,14K,24,0.13,0.354,1.6,8.8e-05,0.07,0.332
2026-07-05 11:05:19,6899,14K,25,0.13,0.351,1.613,8.8e-05,0.07,0.329
2026-07-05 11:05:59,7000,14K,25,0.14,0.353,1.554,8.8e-05,0.07,0.328
2026-07-05 11:06:39,7100,14K,26,0.14,0.34,1.526,8.7e-05,0.071,0.329
2026-07-05 11:07:19,7200,14K,26,0.14,0.353,1.63,8.7e-05,0.07,0.326
2026-07-05 11:07:59,7299,15K,26,0.14,0.305,1.425,8.7e-05,0.071,0.332
2026-07-05 11:08:39,7399,15K,27,0.14,0.366,1.63,8.6e-05,0.07,0.328
2026-07-05 11:09:20,7499,15K,27,0.15,0.334,1.577,8.6e-05,0.07,0.332
2026-07-05 11:09:59,7599,15K,27,0.15,0.347,1.588,8.6e-05,0.07,0.328
2026-07-05 11:10:39,7699,15K,28,0.15,0.327,1.5,8.5e-05,0.071,0.328
2026-07-05 11:11:19,7800,16K,28,0.15,0.348,1.665,8.5e-05,0.07,0.327
2026-07-05 11:11:59,7900,16K,28,0.15,0.353,1.651,8.4e-05,0.071,0.329
2026-07-05 11:12:40,8000,16K,29,0.16,0.342,1.602,8.4e-05,0.07,0.335
2026-07-05 11:13:21,8100,16K,29,0.16,0.338,1.593,8.4e-05,0.071,0.335
2026-07-05 11:14:01,8200,16K,29,0.16,0.357,1.649,8.3e-05,0.07,0.33
2026-07-05 11:14:40,8300,17K,30,0.16,0.349,1.618,8.3e-05,0.07,0.326
2026-07-05 11:15:21,8400,17K,30,0.16,0.315,1.511,8.3e-05,0.07,0.33
2026-07-05 11:16:01,8500,17K,31,0.17,0.3,1.466,8.2e-05,0.071,0.333
2026-07-05 11:16:41,8600,17K,31,0.17,0.291,1.469,8.2e-05,0.071,0.33
2026-07-05 11:17:22,8700,17K,31,0.17,0.312,1.522,8.1e-05,0.071,0.334
2026-07-05 11:18:02,8800,18K,32,0.17,0.327,1.565,8.1e-05,0.07,0.334
2026-07-05 11:18:42,8900,18K,32,0.17,0.314,1.484,8.1e-05,0.072,0.329
2026-07-05 11:19:23,9000,18K,32,0.18,0.327,1.532,8e-05,0.073,0.336
2026-07-05 11:20:04,9100,18K,33,0.18,0.296,1.472,8e-05,0.072,0.335
2026-07-05 11:20:45,9200,18K,33,0.18,0.314,1.559,7.9e-05,0.073,0.335
2026-07-05 11:21:26,9300,19K,33,0.18,0.318,1.575,7.9e-05,0.072,0.334
2026-07-05 11:22:07,9400,19K,34,0.18,0.293,1.524,7.8e-05,0.073,0.339
2026-07-05 11:22:48,9500,19K,34,0.19,0.31,1.544,7.8e-05,0.074,0.334
2026-07-05 11:23:29,9600,19K,34,0.19,0.296,1.469,7.8e-05,0.074,0.339
2026-07-05 11:24:10,9700,19K,35,0.19,0.318,1.565,7.7e-05,0.073,0.338
2026-07-05 11:24:51,9800,20K,35,0.19,0.309,1.557,7.7e-05,0.073,0.332
2026-07-05 11:25:32,9900,20K,36,0.19,0.271,1.446,7.6e-05,0.072,0.333
2026-07-05 11:26:13,10000,20K,36,0.2,0.302,1.504,7.6e-05,0.072,0.341
2026-07-05 11:26:55,10100,20K,36,0.2,0.333,1.614,7.5e-05,0.073,0.343
2026-07-05 11:27:36,10200,20K,37,0.2,0.307,1.528,7.5e-05,0.073,0.337
2026-07-05 11:28:17,10300,21K,37,0.2,0.285,1.471,7.5e-05,0.073,0.339
2026-07-05 11:28:59,10400,21K,37,0.2,0.3,1.568,7.4e-05,0.072,0.342
2026-07-05 11:29:40,10500,21K,38,0.2,0.279,1.481,7.4e-05,0.073,0.341
2026-07-05 11:30:21,10600,21K,38,0.21,0.292,1.502,7.3e-05,0.073,0.338
2026-07-05 11:31:03,10700,21K,38,0.21,0.287,1.417,7.3e-05,0.073,0.342
2026-07-05 11:31:45,10800,22K,39,0.21,0.291,1.5,7.2e-05,0.074,0.345
2026-07-05 11:32:27,10900,22K,39,0.21,0.302,1.575,7.2e-05,0.073,0.343
2026-07-05 11:33:08,11000,22K,40,0.21,0.28,1.48,7.1e-05,0.073,0.341
2026-07-05 11:33:51,11100,22K,40,0.22,0.284,1.492,7.1e-05,0.075,0.352
2026-07-05 11:34:33,11200,22K,40,0.22,0.306,1.541,7e-05,0.074,0.342
2026-07-05 11:35:15,11300,23K,41,0.22,0.294,1.557,7e-05,0.074,0.345
2026-07-05 11:35:57,11400,23K,41,0.22,0.298,1.566,6.9e-05,0.076,0.35
2026-07-05 11:36:40,11500,23K,41,0.22,0.276,1.441,6.9e-05,0.074,0.35
2026-07-05 11:37:22,11600,23K,42,0.23,0.3,1.508,6.8e-05,0.074,0.351
2026-07-05 11:38:05,11700,23K,42,0.23,0.272,1.452,6.8e-05,0.074,0.35
2026-07-05 11:38:48,11800,24K,42,0.23,0.293,1.502,6.8e-05,0.076,0.355
2026-07-05 11:39:31,11900,24K,43,0.23,0.286,1.512,6.7e-05,0.075,0.351
2026-07-05 11:40:14,12000,24K,43,0.23,0.286,1.517,6.7e-05,0.078,0.357
2026-07-05 11:40:57,12100,24K,43,0.24,0.272,1.449,6.6e-05,0.076,0.349
2026-07-05 11:41:40,12200,24K,44,0.24,0.28,1.502,6.6e-05,0.075,0.351
2026-07-05 11:42:22,12300,25K,44,0.24,0.272,1.452,6.5e-05,0.074,0.353
2026-07-05 11:43:04,12400,25K,45,0.24,0.268,1.45,6.5e-05,0.075,0.344
2026-07-05 11:43:46,12500,25K,45,0.24,0.287,1.53,6.4e-05,0.074,0.345
2026-07-05 11:44:28,12600,25K,45,0.25,0.285,1.541,6.4e-05,0.073,0.345
2026-07-05 11:45:10,12700,25K,46,0.25,0.296,1.545,6.3e-05,0.074,0.342
2026-07-05 11:45:52,12800,26K,46,0.25,0.294,1.518,6.3e-05,0.073,0.347
2026-07-05 11:46:34,12900,26K,46,0.25,0.286,1.536,6.2e-05,0.073,0.341
2026-07-05 11:47:16,13000,26K,47,0.25,0.254,1.413,6.2e-05,0.076,0.35
2026-07-05 11:47:59,13100,26K,47,0.26,0.253,1.414,6.1e-05,0.076,0.351
2026-07-05 11:48:42,13199,26K,47,0.26,0.292,1.524,6.1e-05,0.077,0.349
2026-07-05 11:49:25,13299,27K,48,0.26,0.274,1.487,6e-05,0.076,0.352
2026-07-05 11:50:07,13400,27K,48,0.26,0.271,1.465,6e-05,0.075,0.352
2026-07-05 11:50:51,13500,27K,48,0.26,0.272,1.487,5.9e-05,0.076,0.353
2026-07-05 11:51:33,13600,27K,49,0.27,0.26,1.423,5.9e-05,0.076,0.352
2026-07-05 11:52:16,13700,27K,49,0.27,0.257,1.399,5.8e-05,0.075,0.354
2026-07-05 11:53:00,13800,28K,50,0.27,0.273,1.514,5.8e-05,0.076,0.354
2026-07-05 11:53:43,13900,28K,50,0.27,0.261,1.474,5.7e-05,0.076,0.354
2026-07-05 11:54:26,14000,28K,50,0.27,0.273,1.537,5.7e-05,0.076,0.355
2026-07-05 11:55:09,14100,28K,51,0.28,0.268,1.498,5.6e-05,0.077,0.352
2026-07-05 11:55:52,14200,28K,51,0.28,0.253,1.397,5.6e-05,0.076,0.358
2026-07-05 11:56:36,14300,29K,51,0.28,0.271,1.516,5.5e-05,0.076,0.357
2026-07-05 11:57:19,14400,29K,52,0.28,0.256,1.467,5.5e-05,0.076,0.352
2026-07-05 11:58:02,14500,29K,52,0.28,0.265,1.483,5.4e-05,0.076,0.354
2026-07-05 11:58:44,14600,29K,52,0.29,0.272,1.428,5.4e-05,0.075,0.349
2026-07-05 11:59:27,14700,29K,53,0.29,0.257,1.452,5.3e-05,0.076,0.349
2026-07-05 12:00:09,14800,30K,53,0.29,0.275,1.532,5.3e-05,0.076,0.348
2026-07-05 12:00:52,14900,30K,54,0.29,0.257,1.395,5.2e-05,0.076,0.353
2026-07-05 12:01:35,15000,30K,54,0.29,0.263,1.462,5.2e-05,0.076,0.35
2026-07-05 12:02:18,15100,30K,54,0.29,0.273,1.495,5.1e-05,0.075,0.351
2026-07-05 12:03:00,15200,30K,55,0.3,0.244,1.361,5e-05,0.076,0.346
2026-07-05 12:03:42,15300,31K,55,0.3,0.264,1.513,5e-05,0.075,0.346
2026-07-05 12:04:26,15400,31K,55,0.3,0.283,1.524,4.9e-05,0.076,0.354
2026-07-05 12:05:08,15500,31K,56,0.3,0.259,1.437,4.9e-05,0.076,0.347
2026-07-05 12:05:50,15600,31K,56,0.3,0.252,1.45,4.8e-05,0.075,0.345
2026-07-05 12:06:32,15700,31K,56,0.31,0.259,1.472,4.8e-05,0.075,0.345
2026-07-05 12:07:14,15800,32K,57,0.31,0.263,1.491,4.7e-05,0.075,0.346
2026-07-05 12:07:57,15900,32K,57,0.31,0.244,1.428,4.7e-05,0.075,0.35
2026-07-05 12:08:40,16000,32K,57,0.31,0.266,1.532,4.6e-05,0.074,0.351
2026-07-05 12:09:22,16100,32K,58,0.31,0.259,1.491,4.6e-05,0.075,0.346
2026-07-05 12:10:04,16200,32K,58,0.32,0.237,1.4,4.5e-05,0.075,0.35
2026-07-05 12:10:46,16300,33K,59,0.32,0.242,1.435,4.5e-05,0.074,0.346
2026-07-05 12:11:29,16400,33K,59,0.32,0.269,1.532,4.4e-05,0.075,0.355
2026-07-05 12:12:12,16500,33K,59,0.32,0.273,1.527,4.4e-05,0.075,0.352
2026-07-05 12:12:55,16600,33K,60,0.32,0.265,1.493,4.3e-05,0.076,0.349
2026-07-05 12:13:37,16700,33K,60,0.33,0.26,1.475,4.3e-05,0.075,0.347
2026-07-05 12:14:19,16800,34K,60,0.33,0.257,1.483,4.2e-05,0.076,0.344
2026-07-05 12:15:02,16900,34K,61,0.33,0.235,1.423,4.2e-05,0.076,0.353
2026-07-05 12:15:44,17000,34K,61,0.33,0.282,1.577,4.1e-05,0.074,0.345
2026-07-05 12:16:27,17100,34K,61,0.33,0.261,1.545,4.1e-05,0.074,0.348
2026-07-05 12:17:09,17200,34K,62,0.34,0.237,1.402,4e-05,0.075,0.346
2026-07-05 12:17:51,17300,35K,62,0.34,0.236,1.397,4e-05,0.076,0.348
2026-07-05 12:18:34,17400,35K,62,0.34,0.255,1.458,3.9e-05,0.075,0.356
2026-07-05 12:19:17,17500,35K,63,0.34,0.239,1.36,3.9e-05,0.075,0.346
2026-07-05 12:20:00,17600,35K,63,0.34,0.224,1.348,3.8e-05,0.075,0.357
2026-07-05 12:20:43,17700,35K,64,0.35,0.232,1.374,3.8e-05,0.077,0.35
2026-07-05 12:21:26,17800,36K,64,0.35,0.243,1.419,3.7e-05,0.077,0.354
2026-07-05 12:22:08,17900,36K,64,0.35,0.251,1.489,3.7e-05,0.073,0.348
2026-07-05 12:22:50,18000,36K,65,0.35,0.248,1.475,3.6e-05,0.074,0.345
2026-07-05 12:23:32,18100,36K,65,0.35,0.228,1.392,3.6e-05,0.074,0.347
2026-07-05 12:24:15,18200,36K,65,0.36,0.237,1.426,3.5e-05,0.075,0.355
2026-07-05 12:24:57,18300,37K,66,0.36,0.284,1.56,3.5e-05,0.074,0.344
2026-07-05 12:25:40,18400,37K,66,0.36,0.243,1.442,3.4e-05,0.076,0.351
2026-07-05 12:26:23,18500,37K,66,0.36,0.253,1.529,3.4e-05,0.075,0.348
2026-07-05 12:27:06,18600,37K,67,0.36,0.243,1.417,3.4e-05,0.076,0.358
2026-07-05 12:27:50,18700,37K,67,0.37,0.243,1.437,3.3e-05,0.078,0.36
2026-07-05 12:28:34,18800,38K,68,0.37,0.257,1.486,3.3e-05,0.08,0.363
2026-07-05 12:29:19,18900,38K,68,0.37,0.252,1.505,3.2e-05,0.079,0.37
2026-07-05 12:30:04,19000,38K,68,0.37,0.258,1.509,3.2e-05,0.078,0.363
2026-07-05 12:30:47,19100,38K,69,0.37,0.242,1.501,3.1e-05,0.076,0.359
2026-07-05 12:31:31,19200,38K,69,0.37,0.26,1.541,3.1e-05,0.078,0.359
2026-07-05 12:32:15,19300,39K,69,0.38,0.26,1.529,3e-05,0.078,0.357
2026-07-05 12:32:58,19400,39K,70,0.38,0.251,1.459,3e-05,0.077,0.357
2026-07-05 12:33:42,19500,39K,70,0.38,0.233,1.42,2.9e-05,0.078,0.361
2026-07-05 12:34:26,19600,39K,70,0.38,0.214,1.318,2.9e-05,0.077,0.364
2026-07-05 12:35:10,19700,39K,71,0.38,0.231,1.452,2.8e-05,0.077,0.358
2026-07-05 12:35:54,19800,40K,71,0.39,0.222,1.389,2.8e-05,0.077,0.359
2026-07-05 12:36:38,19900,40K,71,0.39,0.258,1.58,2.8e-05,0.078,0.362
2026-07-05 12:37:21,20000,40K,72,0.39,0.238,1.506,2.7e-05,0.078,0.358
2026-07-05 12:38:05,20100,40K,72,0.39,0.245,1.44,2.7e-05,0.074,0.355
2026-07-05 12:38:47,20200,40K,73,0.39,0.248,1.475,2.6e-05,0.075,0.348
2026-07-05 12:39:29,20300,41K,73,0.4,0.243,1.474,2.6e-05,0.075,0.346
2026-07-05 12:40:12,20400,41K,73,0.4,0.242,1.51,2.5e-05,0.074,0.356
2026-07-05 12:40:55,20500,41K,74,0.4,0.241,1.453,2.5e-05,0.076,0.349
2026-07-05 12:41:36,20600,41K,74,0.4,0.248,1.534,2.4e-05,0.074,0.343
2026-07-05 12:42:19,20700,41K,74,0.4,0.22,1.415,2.4e-05,0.074,0.346
2026-07-05 12:43:01,20800,42K,75,0.41,0.222,1.366,2.4e-05,0.074,0.349
2026-07-05 12:43:43,20900,42K,75,0.41,0.248,1.518,2.3e-05,0.073,0.347
2026-07-05 12:44:25,21000,42K,75,0.41,0.229,1.408,2.3e-05,0.074,0.349
2026-07-05 12:45:08,21100,42K,76,0.41,0.248,1.485,2.2e-05,0.075,0.35
2026-07-05 12:45:50,21200,42K,76,0.41,0.239,1.483,2.2e-05,0.073,0.348
2026-07-05 12:46:32,21300,43K,77,0.42,0.257,1.522,2.2e-05,0.074,0.345
2026-07-05 12:47:13,21400,43K,77,0.42,0.249,1.526,2.1e-05,0.073,0.338
2026-07-05 12:47:55,21500,43K,77,0.42,0.251,1.531,2.1e-05,0.074,0.347
2026-07-05 12:48:38,21600,43K,78,0.42,0.232,1.409,2e-05,0.074,0.35
2026-07-05 12:49:19,21700,43K,78,0.42,0.216,1.398,2e-05,0.074,0.342
2026-07-05 12:50:01,21800,44K,78,0.43,0.248,1.529,2e-05,0.074,0.345
2026-07-05 12:50:44,21900,44K,79,0.43,0.232,1.437,1.9e-05,0.074,0.347
2026-07-05 12:51:26,22000,44K,79,0.43,0.251,1.506,1.9e-05,0.073,0.347
2026-07-05 12:52:07,22100,44K,79,0.43,0.244,1.451,1.8e-05,0.073,0.344
2026-07-05 12:52:50,22200,44K,80,0.43,0.246,1.508,1.8e-05,0.074,0.349
2026-07-05 12:53:32,22300,45K,80,0.44,0.251,1.486,1.8e-05,0.074,0.346
2026-07-05 12:54:14,22400,45K,80,0.44,0.212,1.409,1.7e-05,0.073,0.347
2026-07-05 12:54:56,22500,45K,81,0.44,0.247,1.494,1.7e-05,0.074,0.347
2026-07-05 12:55:39,22600,45K,81,0.44,0.239,1.512,1.7e-05,0.075,0.35
2026-07-05 12:56:21,22700,45K,82,0.44,0.233,1.451,1.6e-05,0.074,0.348
2026-07-05 12:57:03,22800,46K,82,0.45,0.24,1.491,1.6e-05,0.073,0.343
2026-07-05 12:57:44,22900,46K,82,0.45,0.234,1.404,1.6e-05,0.073,0.341
2026-07-05 12:58:25,23000,46K,83,0.45,0.238,1.466,1.5e-05,0.074,0.337
2026-07-05 12:59:08,23099,46K,83,0.45,0.236,1.418,1.5e-05,0.073,0.347
2026-07-05 12:59:49,23200,46K,83,0.45,0.226,1.404,1.5e-05,0.073,0.343
2026-07-05 13:00:31,23300,47K,84,0.45,0.219,1.391,1.4e-05,0.074,0.346
2026-07-05 13:01:14,23400,47K,84,0.46,0.239,1.496,1.4e-05,0.074,0.346
2026-07-05 13:01:56,23500,47K,84,0.46,0.247,1.473,1.4e-05,0.074,0.346
2026-07-05 13:02:37,23600,47K,85,0.46,0.224,1.411,1.3e-05,0.073,0.344
2026-07-05 13:03:20,23700,47K,85,0.46,0.229,1.423,1.3e-05,0.073,0.347
2026-07-05 13:04:02,23800,48K,85,0.46,0.25,1.521,1.3e-05,0.074,0.346
2026-07-05 13:04:43,23900,48K,86,0.47,0.217,1.383,1.2e-05,0.074,0.34
2026-07-05 13:05:25,24000,48K,86,0.47,0.238,1.511,1.2e-05,0.074,0.345
2026-07-05 13:06:06,24100,48K,87,0.47,0.218,1.376,1.2e-05,0.073,0.338
2026-07-05 13:06:48,24200,48K,87,0.47,0.233,1.445,1.1e-05,0.073,0.343
2026-07-05 13:07:30,24300,49K,87,0.47,0.219,1.363,1.1e-05,0.073,0.347
2026-07-05 13:08:12,24400,49K,88,0.48,0.245,1.493,1.1e-05,0.073,0.345
2026-07-05 13:08:54,24500,49K,88,0.48,0.239,1.519,1.1e-05,0.073,0.344
2026-07-05 13:09:36,24600,49K,88,0.48,0.243,1.45,1e-05,0.073,0.344
2026-07-05 13:10:17,24700,49K,89,0.48,0.248,1.568,1e-05,0.073,0.34
2026-07-05 13:10:58,24800,50K,89,0.48,0.238,1.471,9.7e-06,0.073,0.339
2026-07-05 13:11:40,24900,50K,89,0.49,0.234,1.439,9.4e-06,0.073,0.342
2026-07-05 13:12:22,24999,50K,90,0.49,0.213,1.364,9.2e-06,0.073,0.345
2026-07-05 13:13:03,25099,50K,90,0.49,0.234,1.454,8.9e-06,0.074,0.341
2026-07-05 13:13:45,25199,50K,91,0.49,0.239,1.494,8.7e-06,0.074,0.345
2026-07-05 13:14:27,25299,51K,91,0.49,0.226,1.44,8.4e-06,0.073,0.34
2026-07-05 13:15:09,25399,51K,91,0.5,0.254,1.552,8.2e-06,0.073,0.344
2026-07-05 13:15:51,25499,51K,92,0.5,0.233,1.477,7.9e-06,0.073,0.345
2026-07-05 13:16:32,25599,51K,92,0.5,0.245,1.49,7.7e-06,0.073,0.345
2026-07-05 13:17:14,25699,51K,92,0.5,0.225,1.423,7.5e-06,0.073,0.343
2026-07-05 13:17:56,25800,52K,93,0.5,0.227,1.443,7.2e-06,0.073,0.343
2026-07-05 13:18:37,25900,52K,93,0.51,0.258,1.53,7e-06,0.073,0.343
2026-07-05 13:19:19,25999,52K,93,0.51,0.239,1.483,6.8e-06,0.073,0.342
2026-07-05 13:20:01,26099,52K,94,0.51,0.234,1.428,6.6e-06,0.072,0.346
2026-07-05 13:20:42,26199,52K,94,0.51,0.253,1.597,6.4e-06,0.073,0.343
2026-07-05 13:21:24,26300,53K,94,0.51,0.238,1.429,6.2e-06,0.073,0.346
2026-07-05 13:22:06,26400,53K,95,0.52,0.248,1.499,6e-06,0.073,0.344
2026-07-05 13:22:48,26500,53K,95,0.52,0.23,1.443,5.8e-06,0.073,0.343
2026-07-05 13:23:30,26600,53K,96,0.52,0.226,1.44,5.6e-06,0.073,0.341
2026-07-05 13:24:11,26700,53K,96,0.52,0.215,1.422,5.5e-06,0.074,0.342
2026-07-05 13:24:53,26800,54K,96,0.52,0.243,1.474,5.3e-06,0.074,0.34
2026-07-05 13:25:34,26899,54K,97,0.53,0.229,1.473,5.1e-06,0.073,0.341
2026-07-05 13:26:16,26999,54K,97,0.53,0.242,1.496,5e-06,0.073,0.344
2026-07-05 13:26:57,27099,54K,97,0.53,0.226,1.416,4.8e-06,0.073,0.341
2026-07-05 13:27:39,27199,54K,98,0.53,0.206,1.338,4.7e-06,0.073,0.346
2026-07-05 13:28:21,27300,55K,98,0.53,0.225,1.466,4.5e-06,0.074,0.343
2026-07-05 13:29:03,27400,55K,98,0.53,0.217,1.395,4.4e-06,0.073,0.346
2026-07-05 13:29:45,27500,55K,99,0.54,0.236,1.533,4.2e-06,0.073,0.343
2026-07-05 13:30:26,27600,55K,99,0.54,0.249,1.484,4.1e-06,0.073,0.342
2026-07-05 13:31:08,27700,55K,99,0.54,0.262,1.611,4e-06,0.073,0.341
2026-07-05 13:31:50,27800,56K,100,0.54,0.25,1.495,3.8e-06,0.072,0.346
2026-07-05 13:32:32,27900,56K,100,0.54,0.245,1.495,3.7e-06,0.073,0.344
2026-07-05 13:33:13,28000,56K,101,0.55,0.223,1.452,3.6e-06,0.073,0.338
2026-07-05 13:33:55,28100,56K,101,0.55,0.232,1.449,3.5e-06,0.073,0.346
2026-07-05 13:34:37,28200,56K,101,0.55,0.221,1.4,3.4e-06,0.073,0.345
2026-07-05 13:35:18,28300,57K,102,0.55,0.223,1.476,3.3e-06,0.073,0.345
2026-07-05 13:36:00,28400,57K,102,0.55,0.224,1.411,3.2e-06,0.072,0.344
2026-07-05 13:36:43,28500,57K,102,0.56,0.236,1.477,3.1e-06,0.074,0.349
2026-07-05 13:37:24,28600,57K,103,0.56,0.219,1.425,3.1e-06,0.072,0.345
2026-07-05 13:38:06,28700,57K,103,0.56,0.223,1.429,3e-06,0.072,0.345
2026-07-05 13:38:48,28800,58K,103,0.56,0.249,1.537,2.9e-06,0.073,0.346
2026-07-05 13:39:30,28900,58K,104,0.56,0.219,1.415,2.9e-06,0.073,0.344
2026-07-05 13:40:12,29000,58K,104,0.57,0.255,1.552,2.8e-06,0.072,0.346
2026-07-05 13:40:53,29100,58K,105,0.57,0.24,1.46,2.7e-06,0.073,0.34
2026-07-05 13:41:35,29200,58K,105,0.57,0.246,1.495,2.7e-06,0.073,0.342
2026-07-05 13:42:16,29300,59K,105,0.57,0.203,1.313,2.7e-06,0.073,0.338
2026-07-05 13:42:58,29400,59K,106,0.57,0.222,1.422,2.6e-06,0.073,0.341
2026-07-05 13:43:39,29500,59K,106,0.58,0.229,1.468,2.6e-06,0.073,0.341
2026-07-05 13:44:20,29599,59K,106,0.58,0.238,1.456,2.6e-06,0.073,0.34
2026-07-05 13:45:02,29700,59K,107,0.58,0.249,1.534,2.5e-06,0.073,0.344
2026-07-05 13:45:44,29800,60K,107,0.58,0.229,1.432,2.5e-06,0.073,0.342
2026-07-05 13:46:25,29900,60K,107,0.58,0.212,1.377,2.5e-06,0.073,0.342
2026-07-05 13:47:07,30000,60K,108,0.59,0.222,1.432,2.5e-06,0.073,0.342
2026-07-05 13:47:49,30100,60K,108,0.59,0.216,1.4,2.5e-06,0.073,0.342
2026-07-05 13:48:30,30200,60K,108,0.59,0.234,1.431,2.5e-06,0.073,0.342
2026-07-05 13:49:12,30300,61K,109,0.59,0.227,1.42,2.5e-06,0.073,0.348
2026-07-05 13:49:54,30400,61K,109,0.59,0.216,1.429,2.5e-06,0.074,0.344
2026-07-05 13:50:36,30500,61K,110,0.6,0.223,1.444,2.5e-06,0.074,0.342
2026-07-05 13:51:17,30600,61K,110,0.6,0.219,1.431,2.5e-06,0.073,0.338
2026-07-05 13:51:58,30700,61K,110,0.6,0.243,1.512,2.5e-06,0.073,0.34
2026-07-05 13:52:40,30800,62K,111,0.6,0.229,1.475,2.5e-06,0.073,0.346
2026-07-05 13:53:22,30900,62K,111,0.6,0.232,1.502,2.5e-06,0.073,0.341
2026-07-05 13:54:04,31000,62K,111,0.61,0.229,1.463,2.5e-06,0.073,0.345
2026-07-05 13:54:45,31100,62K,112,0.61,0.235,1.466,2.5e-06,0.073,0.339
2026-07-05 13:55:27,31200,62K,112,0.61,0.227,1.445,2.5e-06,0.073,0.341
2026-07-05 13:56:08,31299,63K,112,0.61,0.228,1.429,2.5e-06,0.074,0.34
2026-07-05 13:56:50,31400,63K,113,0.61,0.232,1.416,2.5e-06,0.073,0.346
2026-07-05 13:57:32,31500,63K,113,0.61,0.244,1.513,2.5e-06,0.073,0.349
2026-07-05 13:58:14,31600,63K,114,0.62,0.243,1.512,2.5e-06,0.073,0.338
2026-07-05 13:58:55,31700,63K,114,0.62,0.225,1.482,2.5e-06,0.073,0.342
2026-07-05 13:59:37,31800,64K,114,0.62,0.251,1.485,2.5e-06,0.072,0.346
2026-07-05 14:00:19,31900,64K,115,0.62,0.232,1.489,2.5e-06,0.074,0.348
2026-07-05 14:01:01,32000,64K,115,0.62,0.231,1.465,2.5e-06,0.073,0.341
2026-07-05 14:01:42,32100,64K,115,0.63,0.223,1.432,2.5e-06,0.073,0.343
2026-07-05 14:02:24,32200,64K,116,0.63,0.247,1.495,2.5e-06,0.073,0.343
2026-07-05 14:03:06,32300,65K,116,0.63,0.224,1.442,2.5e-06,0.073,0.343
2026-07-05 14:03:47,32400,65K,116,0.63,0.218,1.451,2.5e-06,0.072,0.342
2026-07-05 14:04:29,32499,65K,117,0.63,0.228,1.492,2.5e-06,0.073,0.339
2026-07-05 14:05:10,32599,65K,117,0.64,0.215,1.369,2.5e-06,0.073,0.342
2026-07-05 14:05:52,32699,65K,117,0.64,0.224,1.458,2.5e-06,0.073,0.347
2026-07-05 14:06:34,32799,66K,118,0.64,0.223,1.438,2.5e-06,0.073,0.339
2026-07-05 14:07:15,32899,66K,118,0.64,0.226,1.44,2.5e-06,0.073,0.346
2026-07-05 14:07:57,32999,66K,119,0.64,0.219,1.478,2.5e-06,0.073,0.346
2026-07-05 14:08:39,33099,66K,119,0.65,0.227,1.406,2.5e-06,0.073,0.342
2026-07-05 14:09:21,33199,66K,119,0.65,0.231,1.462,2.5e-06,0.073,0.342
2026-07-05 14:10:02,33300,67K,120,0.65,0.23,1.46,2.5e-06,0.073,0.345
2026-07-05 14:10:45,33400,67K,120,0.65,0.235,1.477,2.5e-06,0.073,0.348
2026-07-05 14:11:26,33500,67K,120,0.65,0.225,1.42,2.5e-06,0.073,0.336
2026-07-05 14:12:07,33600,67K,121,0.66,0.229,1.442,2.5e-06,0.072,0.343
2026-07-05 14:12:48,33700,67K,121,0.66,0.224,1.472,2.5e-06,0.073,0.338
2026-07-05 14:13:30,33800,68K,121,0.66,0.218,1.439,2.5e-06,0.073,0.338
2026-07-05 14:14:11,33900,68K,122,0.66,0.231,1.464,2.5e-06,0.072,0.344
2026-07-05 14:14:53,34000,68K,122,0.66,0.239,1.519,2.5e-06,0.074,0.344
2026-07-05 14:15:35,34100,68K,122,0.67,0.24,1.498,2.5e-06,0.075,0.343
2026-07-05 14:16:17,34200,68K,123,0.67,0.219,1.412,2.5e-06,0.073,0.341
2026-07-05 14:16:58,34300,69K,123,0.67,0.222,1.409,2.5e-06,0.073,0.341
2026-07-05 14:17:40,34400,69K,124,0.67,0.243,1.492,2.5e-06,0.073,0.348
2026-07-05 14:18:22,34500,69K,124,0.67,0.217,1.413,2.5e-06,0.073,0.34
2026-07-05 14:19:03,34600,69K,124,0.68,0.243,1.544,2.5e-06,0.073,0.342
2026-07-05 14:19:45,34700,69K,125,0.68,0.237,1.507,2.5e-06,0.074,0.342
2026-07-05 14:20:27,34800,70K,125,0.68,0.222,1.459,2.5e-06,0.074,0.341
2026-07-05 14:21:08,34900,70K,125,0.68,0.235,1.493,2.5e-06,0.073,0.337
2026-07-05 14:21:50,35000,70K,126,0.68,0.236,1.519,2.5e-06,0.073,0.347
2026-07-05 14:22:32,35100,70K,126,0.69,0.257,1.569,2.5e-06,0.073,0.344
2026-07-05 14:23:14,35200,70K,126,0.69,0.227,1.484,2.5e-06,0.073,0.344
2026-07-05 14:23:55,35300,71K,127,0.69,0.229,1.449,2.5e-06,0.073,0.342
2026-07-05 14:24:37,35400,71K,127,0.69,0.223,1.399,2.5e-06,0.073,0.344
2026-07-05 14:25:19,35500,71K,128,0.69,0.222,1.462,2.5e-06,0.073,0.341
2026-07-05 14:26:00,35600,71K,128,0.69,0.242,1.515,2.5e-06,0.073,0.345
2026-07-05 14:26:42,35700,71K,128,0.7,0.235,1.444,2.5e-06,0.073,0.34
2026-07-05 14:27:23,35800,72K,129,0.7,0.233,1.409,2.5e-06,0.072,0.34
2026-07-05 14:28:05,35900,72K,129,0.7,0.226,1.471,2.5e-06,0.073,0.344
2026-07-05 14:28:47,36000,72K,129,0.7,0.23,1.493,2.5e-06,0.073,0.347
2026-07-05 14:29:29,36100,72K,130,0.7,0.23,1.429,2.5e-06,0.074,0.348
2026-07-05 14:30:11,36200,72K,130,0.71,0.22,1.436,2.5e-06,0.074,0.339
2026-07-05 14:30:52,36300,73K,130,0.71,0.208,1.403,2.5e-06,0.073,0.342
2026-07-05 14:31:34,36400,73K,131,0.71,0.228,1.451,2.5e-06,0.073,0.342
2026-07-05 14:32:16,36500,73K,131,0.71,0.243,1.508,2.5e-06,0.074,0.347
2026-07-05 14:32:58,36600,73K,131,0.71,0.227,1.439,2.5e-06,0.073,0.344
2026-07-05 14:33:40,36700,73K,132,0.72,0.238,1.497,2.5e-06,0.073,0.344
2026-07-05 14:34:22,36800,74K,132,0.72,0.239,1.482,2.5e-06,0.073,0.344
2026-07-05 14:35:03,36900,74K,133,0.72,0.231,1.497,2.5e-06,0.073,0.339
2026-07-05 14:35:45,36999,74K,133,0.72,0.235,1.511,2.5e-06,0.073,0.344
2026-07-05 14:36:26,37099,74K,133,0.72,0.232,1.496,2.5e-06,0.072,0.342
2026-07-05 14:37:08,37200,74K,134,0.73,0.234,1.44,2.5e-06,0.074,0.343
2026-07-05 14:37:49,37299,75K,134,0.73,0.224,1.448,2.5e-06,0.073,0.341
2026-07-05 14:38:31,37399,75K,134,0.73,0.253,1.593,2.5e-06,0.073,0.345
2026-07-05 14:39:13,37499,75K,135,0.73,0.222,1.398,2.5e-06,0.073,0.345
2026-07-05 14:39:55,37599,75K,135,0.73,0.244,1.535,2.5e-06,0.074,0.346
2026-07-05 14:40:37,37699,75K,135,0.74,0.231,1.454,2.5e-06,0.073,0.346
2026-07-05 14:41:19,37799,76K,136,0.74,0.226,1.457,2.5e-06,0.073,0.342
2026-07-05 14:42:00,37900,76K,136,0.74,0.227,1.512,2.5e-06,0.073,0.342
2026-07-05 14:42:42,38000,76K,136,0.74,0.241,1.538,2.5e-06,0.073,0.347
2026-07-05 14:43:24,38100,76K,137,0.74,0.218,1.418,2.5e-06,0.074,0.343
2026-07-05 14:44:06,38200,76K,137,0.75,0.22,1.462,2.5e-06,0.072,0.341
2026-07-05 14:44:48,38300,77K,138,0.75,0.221,1.436,2.5e-06,0.073,0.346
2026-07-05 14:45:29,38400,77K,138,0.75,0.222,1.398,2.5e-06,0.073,0.341
2026-07-05 14:46:11,38500,77K,138,0.75,0.236,1.454,2.5e-06,0.073,0.343
2026-07-05 14:46:53,38600,77K,139,0.75,0.225,1.415,2.5e-06,0.073,0.347
2026-07-05 14:47:34,38700,77K,139,0.76,0.235,1.499,2.5e-06,0.073,0.34
2026-07-05 14:48:16,38800,78K,139,0.76,0.237,1.468,2.5e-06,0.073,0.341
2026-07-05 14:48:57,38900,78K,140,0.76,0.234,1.433,2.5e-06,0.073,0.343
2026-07-05 14:49:39,39000,78K,140,0.76,0.225,1.445,2.5e-06,0.073,0.347
2026-07-05 14:50:21,39100,78K,140,0.76,0.216,1.4,2.5e-06,0.073,0.345
2026-07-05 14:51:03,39200,78K,141,0.77,0.227,1.422,2.5e-06,0.073,0.342
2026-07-05 14:51:44,39300,79K,141,0.77,0.225,1.428,2.5e-06,0.073,0.342
2026-07-05 14:52:26,39400,79K,142,0.77,0.233,1.479,2.5e-06,0.074,0.344
2026-07-05 14:53:08,39500,79K,142,0.77,0.23,1.453,2.5e-06,0.073,0.344
2026-07-05 14:53:50,39600,79K,142,0.77,0.241,1.551,2.5e-06,0.073,0.346
2026-07-05 14:54:32,39700,79K,143,0.77,0.226,1.474,2.5e-06,0.073,0.342
2026-07-05 14:55:14,39800,80K,143,0.78,0.232,1.449,2.5e-06,0.072,0.344
2026-07-05 14:55:55,39900,80K,143,0.78,0.237,1.448,2.5e-06,0.073,0.346
2026-07-05 14:56:37,40000,80K,144,0.78,0.251,1.567,2.5e-06,0.073,0.345
2026-07-05 14:57:19,40100,80K,144,0.78,0.227,1.457,2.5e-06,0.073,0.347
2026-07-05 14:58:01,40200,80K,144,0.78,0.238,1.5,2.5e-06,0.073,0.341
2026-07-05 14:58:42,40300,81K,145,0.79,0.21,1.344,2.5e-06,0.073,0.341
2026-07-05 14:59:24,40400,81K,145,0.79,0.239,1.51,2.5e-06,0.073,0.339
2026-07-05 15:00:06,40500,81K,145,0.79,0.245,1.555,2.5e-06,0.073,0.343
2026-07-05 15:00:47,40599,81K,146,0.79,0.228,1.479,2.5e-06,0.073,0.345
2026-07-05 15:01:29,40699,81K,146,0.79,0.224,1.433,2.5e-06,0.073,0.344
2026-07-05 15:02:11,40800,82K,147,0.8,0.217,1.408,2.5e-06,0.073,0.343
2026-07-05 15:02:52,40900,82K,147,0.8,0.22,1.465,2.5e-06,0.073,0.343
2026-07-05 15:03:34,41000,82K,147,0.8,0.214,1.384,2.5e-06,0.073,0.34
2026-07-05 15:04:16,41100,82K,148,0.8,0.214,1.398,2.5e-06,0.074,0.343
2026-07-05 15:04:57,41200,82K,148,0.8,0.234,1.477,2.5e-06,0.074,0.342
2026-07-05 15:05:39,41300,83K,148,0.81,0.23,1.506,2.5e-06,0.073,0.339
2026-07-05 15:06:21,41400,83K,149,0.81,0.237,1.49,2.5e-06,0.073,0.348
2026-07-05 15:07:03,41500,83K,149,0.81,0.225,1.47,2.5e-06,0.073,0.343
2026-07-05 15:07:45,41600,83K,149,0.81,0.234,1.475,2.5e-06,0.074,0.345
2026-07-05 15:08:26,41700,83K,150,0.81,0.219,1.476,2.5e-06,0.074,0.341
2026-07-05 15:09:08,41800,84K,150,0.82,0.237,1.513,2.5e-06,0.073,0.347
2026-07-05 15:09:50,41900,84K,150,0.82,0.237,1.518,2.5e-06,0.073,0.343
2026-07-05 15:10:32,42000,84K,151,0.82,0.207,1.41,2.5e-06,0.073,0.348
2026-07-05 15:11:13,42100,84K,151,0.82,0.218,1.422,2.5e-06,0.073,0.339
2026-07-05 15:11:55,42200,84K,152,0.82,0.213,1.412,2.5e-06,0.073,0.345
2026-07-05 15:12:37,42300,85K,152,0.83,0.234,1.477,2.5e-06,0.072,0.346
2026-07-05 15:13:19,42400,85K,152,0.83,0.244,1.512,2.5e-06,0.074,0.342
2026-07-05 15:14:01,42500,85K,153,0.83,0.235,1.532,2.5e-06,0.073,0.345
2026-07-05 15:14:43,42600,85K,153,0.83,0.199,1.366,2.5e-06,0.073,0.345
2026-07-05 15:15:24,42700,85K,153,0.83,0.233,1.5,2.5e-06,0.074,0.343
2026-07-05 15:16:06,42800,86K,154,0.84,0.225,1.402,2.5e-06,0.074,0.342
2026-07-05 15:16:48,42900,86K,154,0.84,0.241,1.569,2.5e-06,0.074,0.345
2026-07-05 15:17:30,43000,86K,154,0.84,0.229,1.435,2.5e-06,0.073,0.345
2026-07-05 15:18:12,43100,86K,155,0.84,0.213,1.437,2.5e-06,0.073,0.351
2026-07-05 15:18:54,43200,86K,155,0.84,0.229,1.453,2.5e-06,0.073,0.34
2026-07-05 15:19:36,43300,87K,156,0.85,0.228,1.438,2.5e-06,0.073,0.344
2026-07-05 15:20:17,43400,87K,156,0.85,0.223,1.408,2.5e-06,0.074,0.343
2026-07-05 15:21:00,43500,87K,156,0.85,0.245,1.515,2.5e-06,0.073,0.351
2026-07-05 15:21:41,43600,87K,157,0.85,0.243,1.511,2.5e-06,0.073,0.334
2026-07-05 15:22:23,43700,87K,157,0.85,0.231,1.478,2.5e-06,0.073,0.344
2026-07-05 15:23:04,43799,88K,157,0.86,0.224,1.498,2.5e-06,0.073,0.339
2026-07-05 15:23:46,43899,88K,158,0.86,0.218,1.393,2.5e-06,0.073,0.346
2026-07-05 15:24:27,43999,88K,158,0.86,0.225,1.418,2.5e-06,0.073,0.339
2026-07-05 15:25:08,44099,88K,158,0.86,0.226,1.483,2.5e-06,0.072,0.338
2026-07-05 15:25:50,44199,88K,159,0.86,0.216,1.364,2.5e-06,0.072,0.349
2026-07-05 15:26:32,44299,89K,159,0.86,0.226,1.481,2.5e-06,0.073,0.339
2026-07-05 15:27:13,44399,89K,159,0.87,0.244,1.5,2.5e-06,0.073,0.34
2026-07-05 15:27:55,44500,89K,160,0.87,0.226,1.464,2.5e-06,0.073,0.342
2026-07-05 15:28:36,44600,89K,160,0.87,0.242,1.5,2.5e-06,0.073,0.344
2026-07-05 15:29:18,44700,89K,161,0.87,0.219,1.45,2.5e-06,0.073,0.343
2026-07-05 15:29:59,44800,90K,161,0.87,0.212,1.423,2.5e-06,0.073,0.34
2026-07-05 15:30:41,44900,90K,161,0.88,0.235,1.515,2.5e-06,0.073,0.346
2026-07-05 15:31:23,45000,90K,162,0.88,0.244,1.572,2.5e-06,0.074,0.341
2026-07-05 15:32:05,45100,90K,162,0.88,0.215,1.402,2.5e-06,0.073,0.344
2026-07-05 15:32:47,45200,90K,162,0.88,0.233,1.518,2.5e-06,0.074,0.343
2026-07-05 15:33:28,45300,91K,163,0.88,0.227,1.475,2.5e-06,0.074,0.342
2026-07-05 15:34:10,45400,91K,163,0.89,0.246,1.518,2.5e-06,0.073,0.345
2026-07-05 15:34:52,45500,91K,163,0.89,0.225,1.442,2.5e-06,0.073,0.34
2026-07-05 15:35:32,45600,91K,164,0.89,0.24,1.516,2.5e-06,0.073,0.332
2026-07-05 15:36:14,45700,91K,164,0.89,0.23,1.431,2.5e-06,0.073,0.341
2026-07-05 15:36:55,45800,92K,165,0.89,0.228,1.468,2.5e-06,0.073,0.339
2026-07-05 15:37:37,45900,92K,165,0.9,0.21,1.43,2.5e-06,0.073,0.342
2026-07-05 15:38:18,46000,92K,165,0.9,0.218,1.437,2.5e-06,0.073,0.343
2026-07-05 15:39:00,46100,92K,166,0.9,0.238,1.522,2.5e-06,0.073,0.346
2026-07-05 15:39:42,46200,92K,166,0.9,0.227,1.512,2.5e-06,0.073,0.344
2026-07-05 15:40:24,46300,93K,166,0.9,0.238,1.506,2.5e-06,0.074,0.343
2026-07-05 15:41:05,46400,93K,167,0.91,0.215,1.458,2.5e-06,0.073,0.337
2026-07-05 15:41:46,46500,93K,167,0.91,0.212,1.395,2.5e-06,0.073,0.341
2026-07-05 15:42:28,46599,93K,167,0.91,0.211,1.405,2.5e-06,0.073,0.344
2026-07-05 15:43:10,46700,93K,168,0.91,0.228,1.456,2.5e-06,0.073,0.344
2026-07-05 15:43:51,46799,94K,168,0.91,0.225,1.494,2.5e-06,0.073,0.341
2026-07-05 15:44:33,46899,94K,168,0.92,0.241,1.513,2.5e-06,0.073,0.343
2026-07-05 15:45:15,46999,94K,169,0.92,0.208,1.405,2.5e-06,0.073,0.342
2026-07-05 15:45:56,47099,94K,169,0.92,0.218,1.45,2.5e-06,0.073,0.341
2026-07-05 15:46:37,47199,94K,170,0.92,0.232,1.472,2.5e-06,0.073,0.34
2026-07-05 15:47:19,47299,95K,170,0.92,0.237,1.514,2.5e-06,0.072,0.345
2026-07-05 15:48:01,47400,95K,170,0.93,0.229,1.409,2.5e-06,0.073,0.344
2026-07-05 15:48:42,47500,95K,171,0.93,0.235,1.455,2.5e-06,0.073,0.34
2026-07-05 15:49:24,47600,95K,171,0.93,0.233,1.489,2.5e-06,0.073,0.342
2026-07-05 15:50:06,47699,95K,171,0.93,0.24,1.516,2.5e-06,0.073,0.343
2026-07-05 15:50:47,47799,96K,172,0.93,0.248,1.544,2.5e-06,0.073,0.345
2026-07-05 15:51:29,47899,96K,172,0.94,0.22,1.469,2.5e-06,0.073,0.339
2026-07-05 15:52:11,47999,96K,172,0.94,0.222,1.427,2.5e-06,0.073,0.344
2026-07-05 15:52:52,48099,96K,173,0.94,0.232,1.497,2.5e-06,0.073,0.344
2026-07-05 15:53:35,48199,96K,173,0.94,0.239,1.527,2.5e-06,0.073,0.348
2026-07-05 15:54:16,48299,97K,173,0.94,0.244,1.503,2.5e-06,0.072,0.343
2026-07-05 15:54:58,48399,97K,174,0.94,0.227,1.411,2.5e-06,0.073,0.339
2026-07-05 15:55:39,48499,97K,174,0.95,0.226,1.477,2.5e-06,0.074,0.344
2026-07-05 15:56:21,48599,97K,175,0.95,0.213,1.406,2.5e-06,0.073,0.344
2026-07-05 15:57:03,48699,97K,175,0.95,0.241,1.497,2.5e-06,0.073,0.343
2026-07-05 15:57:45,48800,98K,175,0.95,0.221,1.418,2.5e-06,0.073,0.343
2026-07-05 15:58:26,48900,98K,176,0.95,0.227,1.465,2.5e-06,0.073,0.343
2026-07-05 15:59:08,49000,98K,176,0.96,0.215,1.379,2.5e-06,0.073,0.343
2026-07-05 15:59:50,49100,98K,176,0.96,0.226,1.497,2.5e-06,0.073,0.344
2026-07-05 16:00:31,49200,98K,177,0.96,0.255,1.637,2.5e-06,0.072,0.345
2026-07-05 16:01:13,49300,99K,177,0.96,0.215,1.414,2.5e-06,0.073,0.344
2026-07-05 16:01:55,49400,99K,177,0.96,0.205,1.404,2.5e-06,0.073,0.342
2026-07-05 16:02:37,49500,99K,178,0.97,0.22,1.482,2.5e-06,0.074,0.345
2026-07-05 16:03:19,49600,99K,178,0.97,0.229,1.543,2.5e-06,0.073,0.344
2026-07-05 16:04:00,49700,99K,179,0.97,0.234,1.463,2.5e-06,0.073,0.344
2026-07-05 16:04:41,49800,100K,179,0.97,0.228,1.511,2.5e-06,0.073,0.337
2026-07-05 16:05:23,49899,100K,179,0.97,0.23,1.48,2.5e-06,0.073,0.344
2026-07-05 16:06:05,49999,100K,180,0.98,0.219,1.454,2.5e-06,0.072,0.346
